﻿<?xml version="1.0" encoding="UTF-8"?>
<!--Created:cb85b80c-f585-40ff-8bfc-12ff4d0e34a9-->
<OfficeApp xmlns="http://schemas.microsoft.com/office/appforoffice/1.1" xmlns:xsi="http://www.w3.org/2001/XMLSchema-instance" xsi:type="TaskPaneApp">
  <Id>29ed3610-3449-478b-8771-1ef59557332e</Id>
  <Version>1.0.0.3</Version>
  <ProviderName>twoer</ProviderName>
  <DefaultLocale>zh-CN</DefaultLocale>
  <DisplayName DefaultValue="手机图片传输" />
  <Description DefaultValue="在编写 Word 或 PowerPoint 时，想要插入手机中的照片或拍照时，怎么办？&#xD;&#xA;通过该插件，会生成一个二维码，使用手机扫描该二维码，打开浏览器，&#xD;&#xA;无需额外安装任何 APP，就可以选择本机照片或拍照，就可以同步到当前文档的该插件面板，&#xD;&#xA;选择需要的图片，就即时插入到文档中。"/>
  <IconUrl DefaultValue="https://mpt.onetwoer.com/img/icon/icon-32.png" />
  <HighResolutionIconUrl DefaultValue="https://mpt.onetwoer.com/img/icon/icon-64.png" />
  <SupportUrl DefaultValue="https://mpt.onetwoer.com/support" />
  <Hosts>
    <Host Name="Document" />
    <Host Name="Presentation" />
    <Host Name="Document" />
  </Hosts>
  <DefaultSettings>
    <SourceLocation DefaultValue="https://mpt.onetwoer.com/" />
  </DefaultSettings>
  <Permissions>ReadWriteDocument</Permissions>
</OfficeApp>
